Date,Sales,Product,Region
2023-01-01,10179,Keyboard,East
2023-01-01,18679,Monitor,North
2023-01-01,14817,Headset,North
2023-01-01,17944,Keyboard,North
2023-01-01,5885,Laptop,South
2023-01-01,12127,Monitor,South
2023-01-01,13615,Laptop,South
2023-01-01,11096,Monitor,South
2023-01-02,5922,Laptop,East
2023-01-02,17003,Monitor,East
2023-01-02,13947,Monitor,North
2023-01-02,18566,Monitor,South
2023-01-02,3322,Mouse,North
2023-01-03,1138,Monitor,South
2023-01-03,1229,Laptop,West
2023-01-03,4781,Monitor,North
2023-01-04,18786,Mouse,South
2023-01-04,4756,Monitor,South
2023-01-04,4168,Headset,East
2023-01-04,8059,Keyboard,South
2023-01-04,13259,Laptop,West
2023-01-04,12130,Keyboard,South
2023-01-05,6294,Laptop,East
2023-01-05,3494,Keyboard,East
2023-01-05,19090,Monitor,West
2023-01-05,15065,Monitor,East
2023-01-05,7354,Mouse,East
2023-01-05,2842,Monitor,East
2023-01-05,19618,Headset,South
2023-01-06,15165,Mouse,West
2023-01-06,1512,Mouse,East
2023-01-06,11602,Keyboard,North
2023-01-06,7941,Monitor,South
2023-01-06,1037,Mouse,North
2023-01-06,11528,Monitor,South
2023-01-06,10818,Laptop,North
2023-01-06,1196,Monitor,West
2023-01-07,9860,Headset,West
2023-01-07,14758,Headset,South
2023-01-07,2808,Laptop,North
2023-01-07,14667,Mouse,South
2023-01-07,19125,Mouse,North
2023-01-07,1061,Mouse,South
2023-01-07,17507,Keyboard,South
2023-01-08,14734,Laptop,East
2023-01-08,16703,Mouse,North
2023-01-09,2400,Keyboard,West
2023-01-09,11094,Keyboard,West
2023-01-09,11445,Monitor,South
2023-01-09,19031,Laptop,East
2023-01-09,4714,Laptop,West
2023-01-09,19652,Mouse,East
2023-01-09,1248,Mouse,South
2023-01-09,10989,Monitor,West
2023-01-10,16719,Mouse,East
2023-01-10,7073,Laptop,North
2023-01-10,8900,Keyboard,East
2023-01-10,16287,Mouse,North
2023-01-10,9093,Monitor,South
2023-01-10,2871,Monitor,North
2023-01-10,12602,Monitor,West
2023-01-10,6731,Monitor,West
2023-01-11,8827,Laptop,South
2023-01-11,3794,Mouse,East
2023-01-11,1850,Laptop,South
2023-01-12,5444,Keyboard,North
2023-01-12,8862,Headset,South
2023-01-12,7997,Laptop,West
2023-01-12,3121,Headset,East
2023-01-13,18844,Headset,West
2023-01-13,19863,Headset,South
2023-01-13,18659,Monitor,West
2023-01-14,8087,Headset,North
2023-01-14,10210,Mouse,West
2023-01-14,5903,Monitor,South
2023-01-14,16721,Headset,South
2023-01-15,2732,Monitor,South
2023-01-15,1582,Headset,South
2023-01-15,7343,Keyboard,West
2023-01-15,8357,Mouse,South
2023-01-15,6252,Headset,West
2023-01-15,2367,Keyboard,East
2023-01-16,3833,Laptop,East
2023-01-16,1576,Keyboard,East
2023-01-16,10850,Keyboard,West
2023-01-16,7217,Keyboard,East
2023-01-17,19889,Mouse,North
2023-01-17,11197,Keyboard,North
2023-01-17,16401,Mouse,North
2023-01-17,3375,Mouse,North
2023-01-17,8701,Mouse,East
2023-01-17,13584,Monitor,South
2023-01-17,14548,Headset,North
2023-01-18,2348,Mouse,East
2023-01-18,19338,Monitor,West
2023-01-18,19536,Laptop,South
2023-01-18,5235,Laptop,North
2023-01-19,1872,Monitor,South
2023-01-19,19331,Keyboard,North
2023-01-19,17172,Mouse,North
2023-01-19,12042,Laptop,North
2023-01-19,5536,Laptop,East
2023-01-20,6249,Laptop,North
2023-01-20,18050,Keyboard,West
2023-01-21,14477,Keyboard,South
2023-01-21,1125,Monitor,West
2023-01-21,13968,Monitor,East
2023-01-21,19297,Monitor,West
2023-01-21,19399,Monitor,West
2023-01-21,6275,Keyboard,East
2023-01-22,16424,Mouse,South
2023-01-22,12159,Monitor,North
2023-01-23,14573,Mouse,West
2023-01-23,15542,Headset,West
2023-01-23,10653,Headset,South
2023-01-23,15581,Headset,West
2023-01-23,14051,Keyboard,North
2023-01-24,5075,Mouse,North
2023-01-24,18199,Headset,East
2023-01-24,16549,Mouse,West
2023-01-24,19641,Laptop,South
2023-01-24,10390,Headset,South
2023-01-24,12077,Laptop,North
2023-01-25,8470,Monitor,West
2023-01-25,15856,Mouse,South
2023-01-25,15088,Headset,East
2023-01-25,12617,Mouse,North
2023-01-25,19369,Laptop,East
2023-01-26,13639,Mouse,North
2023-01-26,7773,Mouse,East
2023-01-27,12245,Monitor,West
2023-01-27,8246,Monitor,East
2023-01-28,6871,Monitor,East
2023-01-28,3244,Laptop,East
2023-01-28,15898,Monitor,North
2023-01-28,15959,Monitor,East
2023-01-28,6036,Headset,South
2023-01-28,19674,Keyboard,East
2023-01-28,16003,Headset,South
2023-01-28,14105,Keyboard,North
2023-01-29,16824,Keyboard,East
2023-01-29,15478,Laptop,West
2023-01-29,5813,Headset,West
2023-01-29,5043,Keyboard,East
2023-01-30,1232,Laptop,East
2023-01-30,9849,Keyboard,North
2023-01-30,3087,Monitor,West
2023-01-30,7492,Headset,North
2023-01-31,12264,Monitor,East
2023-01-31,9045,Laptop,South
2023-01-31,7881,Mouse,North
2023-02-01,8290,Laptop,South
2023-02-01,1000,Keyboard,East
2023-02-01,3712,Keyboard,South
2023-02-01,19017,Monitor,South
2023-02-01,15247,Laptop,East
2023-02-01,15106,Mouse,West
2023-02-01,4162,Headset,North
2023-02-01,18714,Laptop,South
2023-02-02,2247,Monitor,West
2023-02-02,16770,Keyboard,South
2023-02-02,16122,Laptop,South
2023-02-03,5185,Headset,East
2023-02-03,5820,Keyboard,North
2023-02-04,10718,Laptop,West
2023-02-04,7464,Laptop,North
2023-02-04,3233,Mouse,East
2023-02-05,16119,Mouse,North
2023-02-05,4674,Headset,West
2023-02-05,4817,Laptop,West
2023-02-05,10870,Keyboard,East
2023-02-05,13569,Monitor,South
2023-02-06,13561,Headset,North
2023-02-06,20000,Monitor,North
2023-02-06,9578,Headset,East
2023-02-06,18210,Keyboard,East
2023-02-06,3262,Keyboard,North
2023-02-07,13994,Laptop,West
2023-02-07,14314,Laptop,East
2023-02-07,18534,Monitor,East
2023-02-07,17972,Headset,South
2023-02-07,10311,Laptop,South
2023-02-07,19081,Mouse,East
2023-02-07,8153,Monitor,West
2023-02-07,1638,Mouse,West
2023-02-08,4825,Mouse,North
2023-02-08,15889,Headset,South
2023-02-08,10210,Headset,South
2023-02-08,10284,Headset,West
2023-02-08,16058,Headset,East
2023-02-09,3657,Keyboard,South
2023-02-09,7834,Keyboard,South
2023-02-09,12583,Laptop,East
2023-02-10,11902,Mouse,West
2023-02-10,18221,Laptop,West
2023-02-11,2846,Monitor,West
2023-02-11,19922,Headset,East
2023-02-11,13511,Headset,South
2023-02-12,13108,Keyboard,East
2023-02-12,12982,Headset,North
2023-02-13,1660,Monitor,East
2023-02-13,16492,Monitor,West
2023-02-13,19930,Keyboard,South
2023-02-13,15425,Mouse,West
2023-02-13,4334,Monitor,North
2023-02-13,7579,Laptop,West
2023-02-13,10790,Mouse,West
2023-02-13,2412,Headset,South
2023-02-14,17045,Mouse,North
2023-02-14,14242,Monitor,East
2023-02-14,6962,Mouse,West
2023-02-14,16809,Headset,West
2023-02-14,1029,Headset,East
2023-02-14,10344,Laptop,South
2023-02-14,14610,Headset,East
2023-02-14,6503,Headset,South
2023-02-15,18179,Headset,South
2023-02-15,9293,Monitor,West
2023-02-15,2408,Mouse,East
2023-02-15,18150,Keyboard,South
2023-02-15,8002,Laptop,East
2023-02-15,14638,Monitor,South
2023-02-15,8236,Mouse,North
2023-02-15,17270,Mouse,East
2023-02-16,4826,Keyboard,South
2023-02-16,11500,Headset,East
2023-02-16,19354,Laptop,East
2023-02-16,5335,Mouse,North
2023-02-16,5426,Monitor,North
2023-02-16,11022,Laptop,East
2023-02-16,1852,Headset,West
2023-02-16,11446,Mouse,South
2023-02-17,5219,Mouse,West
2023-02-17,12462,Monitor,West
2023-02-17,10240,Mouse,West
2023-02-17,18050,Headset,South
2023-02-17,9422,Keyboard,East
2023-02-17,12377,Mouse,North
2023-02-18,15170,Keyboard,East
2023-02-18,16342,Monitor,East
2023-02-18,11427,Monitor,South
2023-02-18,2728,Mouse,West
2023-02-18,3371,Mouse,South
2023-02-18,6700,Headset,West
2023-02-19,1396,Laptop,North
2023-02-19,13292,Monitor,North
2023-02-20,2963,Laptop,North
2023-02-20,12282,Mouse,South
2023-02-20,12624,Mouse,South
2023-02-20,5170,Laptop,East
2023-02-20,10682,Headset,East
2023-02-20,1185,Headset,North
2023-02-20,11116,Keyboard,East
2023-02-21,3963,Laptop,North
2023-02-21,15700,Laptop,West
2023-02-21,10989,Headset,South
2023-02-21,2258,Keyboard,South
2023-02-21,16708,Keyboard,East
2023-02-21,1150,Headset,East
2023-02-22,6687,Headset,South
2023-02-22,10010,Laptop,East
2023-02-22,4735,Headset,North
2023-02-22,5361,Mouse,South
2023-02-23,7820,Laptop,South
2023-02-23,12161,Headset,West
2023-02-23,14303,Mouse,West
2023-02-23,4708,Keyboard,North
2023-02-23,13727,Mouse,West
2023-02-23,12879,Mouse,South
2023-02-23,17333,Laptop,East
2023-02-24,14292,Monitor,South
2023-02-24,1457,Keyboard,North
2023-02-24,4640,Headset,East
2023-02-24,1295,Monitor,West
2023-02-24,5439,Mouse,West
2023-02-24,6704,Monitor,East
2023-02-24,12826,Laptop,South
2023-02-25,14889,Mouse,North
2023-02-25,9444,Mouse,West
2023-02-25,18799,Headset,North
2023-02-25,8128,Mouse,South
2023-02-25,19502,Laptop,East
2023-02-25,9742,Mouse,West
2023-02-26,16701,Headset,North
2023-02-26,12652,Keyboard,West
2023-02-26,17523,Laptop,West
2023-02-26,10011,Monitor,West
2023-02-26,11579,Laptop,East
2023-02-27,7466,Headset,North
2023-02-27,5003,Keyboard,East
2023-02-28,17803,Laptop,East
2023-02-28,18505,Laptop,East
2023-02-28,8043,Mouse,North
2023-03-01,4860,Laptop,South
2023-03-01,9274,Headset,North
2023-03-01,6492,Keyboard,North
2023-03-01,3949,Headset,North
2023-03-02,9900,Laptop,East
2023-03-02,12429,Monitor,East
2023-03-02,18457,Laptop,South
2023-03-02,3699,Mouse,East
2023-03-02,8648,Monitor,North
2023-03-03,17338,Keyboard,East
2023-03-03,6698,Mouse,West
2023-03-03,16689,Monitor,West
2023-03-03,16903,Monitor,South
2023-03-03,2621,Keyboard,West
2023-03-03,18613,Keyboard,South
2023-03-04,4748,Keyboard,North
2023-03-04,16436,Mouse,South
2023-03-04,15725,Laptop,South
2023-03-05,19696,Mouse,East
2023-03-05,10864,Laptop,West
2023-03-05,3598,Headset,East
2023-03-05,9804,Mouse,South
2023-03-05,7476,Mouse,West
2023-03-05,4817,Keyboard,North
2023-03-06,15719,Mouse,West
2023-03-06,9524,Keyboard,East
2023-03-06,18727,Laptop,East
2023-03-06,14724,Monitor,North
2023-03-06,2107,Keyboard,North
2023-03-06,18051,Headset,South
2023-03-06,9021,Laptop,West
2023-03-07,5807,Monitor,West
2023-03-07,19797,Keyboard,West
2023-03-07,3585,Monitor,West
2023-03-07,14779,Keyboard,South
2023-03-07,4707,Monitor,South
2023-03-07,5639,Mouse,West
2023-03-07,7523,Keyboard,North
2023-03-08,8670,Keyboard,East
2023-03-08,14966,Monitor,West
2023-03-08,2601,Headset,East
2023-03-08,10188,Keyboard,North
2023-03-08,13544,Mouse,West
2023-03-08,1538,Keyboard,West
2023-03-08,14615,Keyboard,West
2023-03-09,18925,Keyboard,North
2023-03-09,18438,Keyboard,East
2023-03-09,9801,Laptop,East
2023-03-09,15628,Headset,East
2023-03-09,3983,Laptop,East
2023-03-09,10251,Headset,East
2023-03-09,6526,Mouse,South
2023-03-10,5804,Mouse,East
2023-03-10,6647,Laptop,West
2023-03-11,13116,Keyboard,East
2023-03-11,15667,Mouse,South
2023-03-11,13646,Laptop,North
2023-03-11,2619,Headset,South
2023-03-11,19421,Keyboard,West
2023-03-11,17776,Headset,South
2023-03-11,7286,Monitor,South
2023-03-11,9589,Monitor,South
2023-03-12,6699,Keyboard,North
2023-03-12,3534,Laptop,West
2023-03-12,1978,Keyboard,West
2023-03-12,3321,Headset,North
2023-03-12,4895,Monitor,South
2023-03-12,8175,Headset,North
2023-03-13,12993,Laptop,East
2023-03-13,4211,Monitor,South
2023-03-13,7070,Laptop,North
2023-03-13,8788,Mouse,South
2023-03-13,7862,Monitor,South
2023-03-14,6503,Monitor,East
2023-03-14,13226,Headset,South
2023-03-14,12192,Monitor,East
2023-03-14,4191,Keyboard,West
2023-03-14,10587,Laptop,West
2023-03-14,3782,Headset,North
2023-03-14,7528,Monitor,North
2023-03-15,2909,Headset,South
2023-03-15,7412,Headset,North
2023-03-15,11519,Keyboard,South
2023-03-15,9048,Headset,East
2023-03-16,9432,Keyboard,East
2023-03-16,7859,Mouse,North
2023-03-16,7227,Laptop,North
2023-03-16,6577,Mouse,South
2023-03-16,14006,Monitor,North
2023-03-16,18951,Mouse,South
2023-03-16,14585,Monitor,South
2023-03-16,16615,Keyboard,North
2023-03-17,6439,Laptop,East
2023-03-17,18835,Laptop,East
2023-03-18,4558,Headset,South
2023-03-18,19423,Headset,West
2023-03-18,10000,Laptop,West
2023-03-18,17486,Mouse,East
2023-03-18,18412,Mouse,East
2023-03-19,3160,Keyboard,West
2023-03-19,5770,Monitor,East
2023-03-19,5079,Keyboard,South
2023-03-19,6437,Monitor,West
2023-03-19,5873,Monitor,South
2023-03-20,19290,Monitor,West
2023-03-20,4142,Keyboard,North
2023-03-21,13649,Keyboard,East
2023-03-21,9603,Headset,East
2023-03-22,8636,Headset,West
2023-03-22,9325,Keyboard,South
2023-03-22,16752,Laptop,West
2023-03-22,10860,Monitor,North
2023-03-22,9231,Laptop,West
2023-03-22,18664,Headset,East
2023-03-23,4638,Laptop,South
2023-03-23,11664,Mouse,West
2023-03-23,19044,Monitor,East
2023-03-24,6773,Monitor,West
2023-03-24,18822,Laptop,East
2023-03-25,8818,Keyboard,East
2023-03-25,2651,Monitor,East
2023-03-25,5134,Laptop,East
2023-03-26,13396,Keyboard,West
2023-03-26,12166,Keyboard,North
2023-03-26,6087,Headset,West
2023-03-26,5293,Monitor,South
2023-03-27,1478,Monitor,North
2023-03-27,17530,Mouse,West
2023-03-27,19228,Keyboard,West
2023-03-27,15792,Headset,South
2023-03-27,13102,Mouse,West
2023-03-28,3646,Mouse,North
2023-03-28,12862,Monitor,West
2023-03-28,1123,Headset,South
2023-03-28,18563,Laptop,South
2023-03-28,4756,Laptop,East
2023-03-28,7583,Monitor,West
2023-03-28,3471,Monitor,East
2023-03-28,12674,Keyboard,West
2023-03-29,13594,Mouse,East
2023-03-29,16647,Headset,West
2023-03-29,10998,Mouse,South
2023-03-29,19234,Laptop,West
2023-03-29,9735,Laptop,South
2023-03-29,9726,Monitor,East
2023-03-29,9566,Monitor,North
2023-03-30,10721,Headset,North
2023-03-30,6734,Mouse,South
2023-03-30,17395,Monitor,East
2023-03-31,2769,Keyboard,West
2023-03-31,16181,Keyboard,East
2023-04-01,15061,Keyboard,West
2023-04-01,3446,Keyboard,West
2023-04-01,19589,Mouse,North
2023-04-02,7625,Laptop,East
2023-04-02,2402,Monitor,South
2023-04-02,12597,Headset,West
2023-04-02,11894,Headset,North
2023-04-02,19386,Headset,East
2023-04-02,15560,Monitor,South
2023-04-02,3581,Mouse,East
2023-04-03,1490,Monitor,West
2023-04-03,13896,Keyboard,North
2023-04-04,7610,Laptop,South
2023-04-04,10227,Laptop,South
2023-04-04,9046,Laptop,West
2023-04-04,13953,Mouse,East
2023-04-04,3442,Headset,West
2023-04-05,6609,Keyboard,North
2023-04-05,7175,Headset,West
2023-04-05,11410,Monitor,West
2023-04-05,17052,Laptop,North
2023-04-05,6213,Mouse,North
2023-04-05,4030,Laptop,West
2023-04-05,1312,Headset,South
2023-04-05,10072,Keyboard,East
2023-04-06,12921,Mouse,South
2023-04-06,3756,Mouse,East
2023-04-06,7225,Monitor,East
2023-04-06,16488,Mouse,South
2023-04-06,6560,Keyboard,South
2023-04-07,6633,Mouse,West
2023-04-07,14029,Monitor,North
2023-04-07,3658,Keyboard,North
2023-04-08,4419,Laptop,North
2023-04-08,7194,Headset,West
2023-04-08,6331,Keyboard,South
2023-04-08,13714,Headset,East
2023-04-08,1816,Mouse,South
2023-04-08,6442,Headset,East
2023-04-08,2436,Monitor,East
2023-04-08,19910,Laptop,South
2023-04-09,9774,Mouse,East
2023-04-09,16331,Laptop,North
2023-04-09,18469,Mouse,North
2023-04-09,7884,Monitor,East
2023-04-09,2645,Laptop,East
2023-04-09,5306,Laptop,South
2023-04-10,2246,Laptop,South
2023-04-10,16862,Mouse,East
2023-04-10,3911,Monitor,North
2023-04-10,3533,Monitor,South
2023-04-10,12199,Laptop,North
2023-04-10,4187,Laptop,South
2023-04-11,19504,Headset,West
2023-04-11,17034,Monitor,West
2023-04-11,17529,Monitor,East
2023-04-12,4140,Keyboard,North
2023-04-12,1468,Monitor,South
2023-04-12,2077,Keyboard,South
2023-04-12,11605,Mouse,North
2023-04-13,14718,Laptop,North
2023-04-13,17864,Laptop,South
2023-04-13,18115,Mouse,East
2023-04-13,17006,Mouse,North
2023-04-13,8873,Mouse,West
2023-04-13,17826,Monitor,East
2023-04-14,17607,Keyboard,West
2023-04-14,6321,Mouse,North
2023-04-14,19729,Laptop,West
2023-04-14,3909,Laptop,West
2023-04-14,11135,Mouse,North
2023-04-14,7265,Headset,South
2023-04-14,5402,Laptop,East
2023-04-15,8704,Headset,East
2023-04-15,15485,Keyboard,North
2023-04-15,17619,Keyboard,West
2023-04-15,6759,Laptop,South
2023-04-15,15721,Mouse,West
2023-04-16,18861,Mouse,East
2023-04-16,19325,Mouse,South
2023-04-16,2929,Monitor,West
2023-04-16,17465,Keyboard,East
2023-04-16,10486,Monitor,West
2023-04-16,7657,Keyboard,South
2023-04-17,15157,Monitor,North
2023-04-17,10796,Laptop,East
2023-04-17,14229,Laptop,West
2023-04-17,15262,Mouse,East
2023-04-18,15820,Monitor,North
2023-04-18,16527,Laptop,South
2023-04-18,1741,Monitor,North
2023-04-18,11513,Keyboard,West
2023-04-18,8002,Mouse,North
2023-04-18,11868,Laptop,East
2023-04-18,12302,Mouse,North
2023-04-19,3719,Laptop,North
2023-04-19,16786,Monitor,North
2023-04-19,16095,Laptop,East
2023-04-19,16593,Laptop,East
2023-04-20,19908,Laptop,East
2023-04-20,9107,Monitor,West
2023-04-20,7262,Headset,South
2023-04-20,17623,Headset,West
2023-04-20,17952,Headset,South
2023-04-20,9956,Monitor,West
2023-04-20,14109,Mouse,South
2023-04-20,19428,Monitor,West
2023-04-21,8969,Keyboard,East
2023-04-21,5216,Mouse,South
2023-04-22,6554,Headset,South
2023-04-22,15951,Keyboard,West
2023-04-23,16873,Headset,East
2023-04-23,9471,Monitor,West
2023-04-23,10128,Headset,East
2023-04-23,13688,Mouse,North
2023-04-23,15050,Monitor,West
2023-04-24,7012,Laptop,East
2023-04-24,8842,Headset,East
2023-04-24,9749,Headset,North
2023-04-24,3012,Mouse,West
2023-04-24,3247,Keyboard,South
2023-04-24,8883,Keyboard,North
2023-04-25,7718,Keyboard,West
2023-04-25,19149,Headset,North
2023-04-25,3176,Mouse,West
2023-04-25,1762,Mouse,South
2023-04-26,2919,Headset,South
2023-04-26,13691,Headset,North
2023-04-26,4106,Mouse,West
2023-04-26,5763,Monitor,West
2023-04-26,19160,Keyboard,West
2023-04-27,9009,Monitor,North
2023-04-27,10465,Keyboard,East
2023-04-27,7868,Headset,West
2023-04-27,2504,Monitor,South
2023-04-27,19026,Headset,East
2023-04-28,8388,Headset,West
2023-04-28,1645,Laptop,South
2023-04-28,16173,Mouse,North
2023-04-29,14556,Keyboard,West
2023-04-29,18721,Monitor,East
2023-04-29,16373,Keyboard,West
2023-04-29,16164,Laptop,North
2023-04-30,3937,Laptop,North
2023-04-30,17630,Monitor,West
2023-04-30,17476,Monitor,North
2023-04-30,2822,Laptop,South
2023-04-30,4242,Laptop,West
2023-04-30,1037,Monitor,East
2023-04-30,13153,Laptop,South
2023-05-01,12963,Laptop,North
2023-05-01,7564,Mouse,West
2023-05-01,7905,Keyboard,West
2023-05-02,11120,Monitor,North
2023-05-02,6452,Headset,North
2023-05-02,6895,Headset,South
2023-05-02,18617,Headset,West
2023-05-02,3077,Headset,West
2023-05-03,5189,Mouse,South
2023-05-03,1431,Monitor,East
2023-05-03,2976,Headset,East
2023-05-03,7352,Keyboard,East
2023-05-03,6059,Keyboard,East
2023-05-04,16409,Headset,East
2023-05-04,11845,Keyboard,East
2023-05-04,12094,Keyboard,South
2023-05-05,17132,Keyboard,North
2023-05-05,11051,Headset,East
2023-05-05,1019,Laptop,West
2023-05-05,2175,Keyboard,South
2023-05-06,17420,Keyboard,East
2023-05-06,9597,Mouse,East
2023-05-06,9265,Headset,East
2023-05-06,15734,Mouse,North
2023-05-06,5398,Headset,East
2023-05-06,17984,Laptop,North
2023-05-07,18658,Keyboard,West
2023-05-07,6219,Monitor,West
2023-05-07,4344,Mouse,East
2023-05-07,18234,Headset,East
2023-05-08,2086,Monitor,East
2023-05-08,17355,Monitor,East
2023-05-08,14904,Monitor,South
2023-05-08,5336,Laptop,South
2023-05-08,12778,Mouse,East
2023-05-08,7488,Laptop,East
2023-05-09,1277,Headset,West
2023-05-09,16548,Keyboard,East
2023-05-09,11971,Laptop,East
2023-05-09,13225,Keyboard,West
2023-05-09,1257,Laptop,West
2023-05-09,13287,Headset,South
2023-05-09,10740,Laptop,West
2023-05-10,8399,Monitor,South
2023-05-10,10296,Laptop,East
2023-05-10,17342,Mouse,South
2023-05-10,6910,Headset,North
2023-05-10,10049,Mouse,South
2023-05-10,3258,Headset,West
2023-05-11,1844,Mouse,North
2023-05-11,5209,Mouse,East
2023-05-11,7507,Mouse,East
2023-05-12,7128,Laptop,South
2023-05-12,8497,Laptop,South
2023-05-12,18356,Laptop,South
2023-05-12,15125,Keyboard,North
2023-05-12,8996,Headset,West
2023-05-13,15437,Keyboard,East
2023-05-13,1507,Keyboard,South
2023-05-13,18429,Laptop,West
2023-05-13,19516,Mouse,West
2023-05-13,15001,Laptop,West
2023-05-13,4575,Headset,North
2023-05-14,14424,Mouse,South
2023-05-14,9374,Headset,South
2023-05-14,2964,Keyboard,South
2023-05-14,18225,Headset,West
2023-05-14,3577,Headset,East
2023-05-14,10437,Headset,West
2023-05-14,11762,Monitor,East
2023-05-14,9330,Mouse,East
2023-05-15,1286,Laptop,North
2023-05-15,1444,Laptop,South
2023-05-16,3606,Keyboard,West
2023-05-16,2634,Laptop,East
2023-05-16,4235,Laptop,South
2023-05-16,9899,Monitor,North
2023-05-16,19513,Mouse,West
2023-05-16,4142,Mouse,East
2023-05-17,7917,Keyboard,East
2023-05-17,18021,Headset,South
2023-05-18,13516,Keyboard,North
2023-05-18,3079,Keyboard,West
2023-05-18,4176,Laptop,South
2023-05-18,4242,Headset,West
2023-05-18,4063,Headset,East
2023-05-19,14251,Monitor,South
2023-05-19,1368,Mouse,West
2023-05-19,1519,Laptop,North
2023-05-20,10933,Headset,East
2023-05-20,10023,Mouse,East
2023-05-20,16269,Keyboard,South
2023-05-20,13033,Mouse,East
2023-05-20,1368,Mouse,South
2023-05-21,14500,Monitor,South
2023-05-21,16364,Keyboard,East
2023-05-21,3592,Laptop,West
2023-05-22,6808,Laptop,South
2023-05-22,14682,Keyboard,North
2023-05-22,18116,Headset,East
2023-05-22,13236,Monitor,South
2023-05-22,12017,Monitor,North
2023-05-22,14212,Monitor,East
2023-05-23,10609,Monitor,East
2023-05-23,18242,Laptop,East
2023-05-23,14360,Mouse,East
2023-05-23,5696,Mouse,East
2023-05-23,8641,Laptop,East
2023-05-23,7693,Monitor,North
2023-05-24,18590,Laptop,South
2023-05-24,14394,Laptop,South
2023-05-24,4972,Monitor,South
2023-05-24,11693,Mouse,North
2023-05-24,17602,Keyboard,East
2023-05-24,1749,Laptop,West
2023-05-24,15017,Laptop,South
2023-05-25,13771,Headset,North
2023-05-25,13013,Headset,South
2023-05-25,4172,Headset,North
2023-05-25,12655,Laptop,East
2023-05-25,13399,Laptop,South
2023-05-25,7070,Laptop,East
2023-05-25,6274,Monitor,East
2023-05-26,8302,Laptop,North
2023-05-26,15606,Laptop,West
2023-05-26,10689,Headset,South
2023-05-26,3013,Headset,South
2023-05-26,12112,Mouse,East
2023-05-26,2281,Keyboard,West
2023-05-26,2340,Keyboard,North
2023-05-26,13316,Laptop,North
2023-05-27,3558,Mouse,East
2023-05-27,14881,Laptop,East
2023-05-27,19265,Keyboard,West
2023-05-28,12574,Laptop,West
2023-05-28,5300,Monitor,East
2023-05-28,8416,Mouse,East
2023-05-28,9368,Headset,South
2023-05-28,14829,Mouse,South
2023-05-29,8778,Laptop,West
2023-05-29,6729,Mouse,North
2023-05-30,13453,Laptop,North
2023-05-30,10236,Laptop,South
2023-05-30,3306,Headset,West
2023-05-31,14304,Mouse,South
2023-05-31,19684,Headset,East
2023-06-01,5694,Keyboard,North
2023-06-01,7823,Keyboard,West
2023-06-01,12765,Mouse,East
2023-06-01,16252,Laptop,East
2023-06-01,19680,Mouse,East
2023-06-01,9034,Mouse,West
2023-06-01,2098,Keyboard,North
2023-06-01,16952,Headset,South
2023-06-02,13444,Keyboard,South
2023-06-02,14641,Monitor,East
2023-06-02,16609,Laptop,North
2023-06-02,11654,Mouse,North
2023-06-02,5350,Headset,North
2023-06-02,2021,Mouse,West
2023-06-02,19305,Headset,North
2023-06-03,2886,Monitor,East
2023-06-03,16754,Headset,South
2023-06-03,3782,Laptop,North
2023-06-03,18704,Headset,West
2023-06-03,3302,Monitor,West
2023-06-03,7329,Laptop,East
2023-06-04,15162,Headset,South
2023-06-04,3209,Headset,North
2023-06-04,1808,Mouse,North
2023-06-04,15010,Keyboard,South
2023-06-04,14162,Headset,North
2023-06-05,10928,Headset,East
2023-06-05,17566,Keyboard,East
2023-06-05,2439,Laptop,South
2023-06-06,8816,Monitor,East
2023-06-06,14468,Mouse,North
2023-06-06,9231,Laptop,South
2023-06-06,19769,Keyboard,West
2023-06-06,4971,Laptop,North
2023-06-07,13043,Headset,East
2023-06-07,10588,Keyboard,West
2023-06-07,8072,Headset,North
2023-06-07,15978,Laptop,West
2023-06-07,9633,Monitor,North
2023-06-07,1597,Headset,East
2023-06-07,14199,Keyboard,East
2023-06-08,7156,Monitor,West
2023-06-08,9515,Laptop,South
2023-06-09,3418,Laptop,East
2023-06-09,9125,Keyboard,East
2023-06-09,18147,Monitor,South
2023-06-10,3890,Laptop,East
2023-06-10,5639,Headset,West
2023-06-10,17629,Monitor,West
2023-06-11,13669,Monitor,West
2023-06-11,10588,Monitor,West
2023-06-11,14088,Mouse,North
2023-06-12,7858,Headset,South
2023-06-12,16062,Headset,South
2023-06-12,19813,Headset,South
2023-06-12,9869,Laptop,South
2023-06-12,15905,Headset,North
2023-06-13,4710,Laptop,North
2023-06-13,10352,Laptop,West
2023-06-14,14894,Headset,West
2023-06-14,8595,Headset,West
2023-06-15,12463,Laptop,North
2023-06-15,6302,Headset,North
2023-06-15,14290,Monitor,East
2023-06-15,11038,Mouse,South
2023-06-15,13904,Mouse,West
2023-06-15,1598,Monitor,East
2023-06-16,4159,Keyboard,North
2023-06-16,19960,Headset,East
2023-06-16,14236,Monitor,East
2023-06-16,1051,Laptop,South
2023-06-16,1707,Keyboard,West
2023-06-17,14185,Monitor,North
2023-06-17,6531,Mouse,North
2023-06-18,12929,Mouse,North
2023-06-18,18492,Laptop,East
2023-06-18,18074,Monitor,East
2023-06-18,1919,Laptop,East
2023-06-19,7930,Headset,North
2023-06-19,1741,Headset,North
2023-06-19,7997,Monitor,East
2023-06-19,16227,Keyboard,West
2023-06-19,11471,Monitor,West
2023-06-19,14238,Mouse,East
2023-06-19,1523,Keyboard,South
2023-06-20,4345,Laptop,East
2023-06-20,18370,Mouse,West
2023-06-20,6160,Monitor,South
2023-06-20,12107,Laptop,South
2023-06-20,13926,Monitor,East
2023-06-20,10382,Keyboard,North
2023-06-21,2611,Keyboard,South
2023-06-21,12698,Keyboard,North
2023-06-21,2526,Laptop,West
2023-06-21,16297,Laptop,East
2023-06-21,6204,Headset,East
2023-06-21,15048,Laptop,West
2023-06-21,12806,Laptop,South
2023-06-22,12814,Headset,South
2023-06-22,16158,Monitor,East
2023-06-23,18494,Mouse,East
2023-06-23,6859,Laptop,South
2023-06-23,2760,Mouse,North
2023-06-24,17005,Monitor,East
2023-06-24,4051,Headset,West
2023-06-25,13719,Monitor,West
2023-06-25,12269,Mouse,East
2023-06-25,9246,Laptop,West
2023-06-26,19877,Keyboard,West
2023-06-26,4216,Laptop,West
2023-06-26,14752,Monitor,West
2023-06-26,8392,Headset,East
2023-06-27,9296,Monitor,North
2023-06-27,17581,Mouse,East
2023-06-27,15939,Keyboard,East
2023-06-27,1880,Laptop,West
2023-06-27,3865,Headset,West
2023-06-27,17990,Mouse,East
2023-06-27,17542,Keyboard,East
2023-06-27,16028,Monitor,North
2023-06-28,5867,Headset,South
2023-06-28,11492,Keyboard,North
2023-06-29,19321,Monitor,North
2023-06-29,13571,Headset,South
2023-06-29,6155,Laptop,East
2023-06-29,3289,Keyboard,South
2023-06-29,6685,Keyboard,North
2023-06-30,14092,Laptop,West
2023-06-30,14350,Monitor,South
2023-06-30,14756,Monitor,West
2023-06-30,19702,Mouse,West
2023-06-30,18945,Headset,South
2023-06-30,9918,Keyboard,West
2023-06-30,1184,Mouse,East
2023-07-01,3193,Headset,East
2023-07-01,1875,Keyboard,East
2023-07-02,19515,Keyboard,West
2023-07-02,4847,Monitor,West
2023-07-03,18804,Laptop,West
2023-07-03,15096,Keyboard,South
2023-07-03,16338,Mouse,East
2023-07-03,14184,Keyboard,East
2023-07-03,10082,Mouse,South
2023-07-04,4023,Mouse,West
2023-07-04,3161,Monitor,South
2023-07-04,7546,Mouse,East
2023-07-04,18398,Headset,East
2023-07-04,16423,Keyboard,North
2023-07-05,3038,Headset,West
2023-07-05,13222,Mouse,South
2023-07-05,17241,Headset,North
2023-07-05,3461,Mouse,East
2023-07-05,13089,Headset,East
2023-07-05,7569,Mouse,West
2023-07-05,17254,Monitor,North
2023-07-05,7448,Headset,South
2023-07-06,2799,Keyboard,North
2023-07-06,11133,Monitor,North
2023-07-06,4740,Mouse,East
2023-07-06,4448,Headset,South
2023-07-07,1608,Monitor,East
2023-07-07,17913,Monitor,West
2023-07-07,7440,Mouse,West
2023-07-07,6984,Mouse,West
2023-07-07,10536,Headset,North
2023-07-07,15667,Keyboard,East
2023-07-07,4389,Headset,East
2023-07-08,3544,Headset,South
2023-07-08,5791,Headset,South
2023-07-08,17251,Keyboard,South
2023-07-09,14061,Monitor,West
2023-07-09,7274,Monitor,North
2023-07-10,14599,Monitor,West
2023-07-10,14780,Monitor,South
2023-07-10,7925,Headset,South
2023-07-11,15910,Monitor,West
2023-07-11,11755,Mouse,South
2023-07-11,5777,Keyboard,South
2023-07-11,8965,Keyboard,West
2023-07-12,6998,Mouse,East
2023-07-12,8383,Monitor,West
2023-07-12,14082,Monitor,West
2023-07-12,3167,Headset,North
2023-07-12,2481,Monitor,North
2023-07-12,7357,Mouse,West
2023-07-12,9894,Monitor,South
2023-07-13,17122,Monitor,South
2023-07-13,19612,Headset,South
2023-07-13,5216,Keyboard,East
2023-07-13,14067,Laptop,West
2023-07-13,17338,Headset,East
2023-07-13,14708,Headset,South
2023-07-13,5983,Keyboard,South
2023-07-14,13280,Monitor,South
2023-07-14,8812,Keyboard,West
2023-07-15,12588,Monitor,North
2023-07-15,13192,Keyboard,North
2023-07-15,19452,Headset,East
2023-07-15,17030,Laptop,East
2023-07-15,13082,Monitor,East
2023-07-15,17369,Headset,South
2023-07-16,6073,Headset,North
2023-07-16,16231,Headset,East
2023-07-16,15547,Keyboard,North
2023-07-17,5606,Keyboard,North
2023-07-17,19609,Headset,North
2023-07-17,6672,Laptop,North
2023-07-17,15328,Laptop,East
2023-07-18,15604,Keyboard,North
2023-07-18,13316,Headset,South
2023-07-18,15545,Headset,North
2023-07-18,10121,Keyboard,North
2023-07-19,9842,Headset,South
2023-07-19,19987,Mouse,North
2023-07-19,14160,Headset,North
2023-07-19,14136,Mouse,West
2023-07-19,6176,Laptop,South
2023-07-19,13256,Monitor,East
2023-07-19,4269,Keyboard,North
2023-07-20,19618,Monitor,East
2023-07-20,5877,Keyboard,East
2023-07-20,9493,Keyboard,South
2023-07-20,11696,Laptop,North
2023-07-20,2786,Headset,West
2023-07-20,5988,Monitor,North
2023-07-20,16414,Laptop,West
2023-07-20,10204,Mouse,East
2023-07-21,16715,Headset,South
2023-07-21,5188,Headset,South
2023-07-21,2777,Monitor,West
2023-07-22,13941,Laptop,East
2023-07-22,9204,Mouse,South
2023-07-22,11954,Keyboard,West
2023-07-22,18458,Keyboard,North
2023-07-22,2981,Laptop,North
2023-07-22,8689,Mouse,North
2023-07-22,2208,Monitor,East
2023-07-23,17682,Keyboard,South
2023-07-23,12035,Headset,South
2023-07-23,14386,Monitor,North
2023-07-23,3462,Mouse,South
2023-07-23,5940,Laptop,North
2023-07-24,1871,Laptop,North
2023-07-24,7179,Headset,West
2023-07-24,18054,Headset,South
2023-07-25,15978,Laptop,South
2023-07-25,18815,Mouse,North
2023-07-25,13791,Laptop,East
2023-07-26,6133,Headset,West
2023-07-26,5119,Laptop,West
2023-07-26,9894,Mouse,South
2023-07-26,19467,Laptop,North
2023-07-26,8280,Keyboard,South
2023-07-27,2016,Keyboard,North
2023-07-27,11270,Headset,South
2023-07-27,14287,Laptop,West
2023-07-28,14174,Laptop,North
2023-07-28,3300,Laptop,West
2023-07-28,15576,Keyboard,East
2023-07-28,10641,Monitor,North
2023-07-28,16434,Monitor,North
2023-07-28,7593,Mouse,West
2023-07-28,11572,Keyboard,West
2023-07-29,2353,Mouse,North
2023-07-29,3869,Mouse,East
2023-07-29,7165,Laptop,South
2023-07-29,7474,Laptop,East
2023-07-29,10367,Headset,West
2023-07-29,12991,Keyboard,North
2023-07-30,13517,Keyboard,North
2023-07-30,9590,Headset,South
2023-07-30,7799,Headset,East
2023-07-30,12026,Keyboard,North
2023-07-30,4712,Headset,West
2023-07-31,16543,Monitor,West
2023-07-31,2332,Monitor,North
2023-07-31,6697,Laptop,North
2023-08-01,14925,Laptop,East
2023-08-01,8969,Monitor,East
2023-08-02,13751,Keyboard,East
2023-08-02,3678,Headset,West
2023-08-03,7880,Headset,West
2023-08-03,4857,Laptop,West
2023-08-03,4383,Mouse,North
2023-08-03,4370,Mouse,West
2023-08-03,3550,Laptop,East
2023-08-03,19154,Keyboard,North
2023-08-03,14646,Headset,West
2023-08-04,12414,Mouse,East
2023-08-04,16863,Mouse,South
2023-08-04,10238,Monitor,South
2023-08-04,17030,Laptop,North
2023-08-04,14157,Keyboard,East
2023-08-04,15796,Keyboard,South
2023-08-04,14271,Keyboard,West
2023-08-04,11509,Monitor,West
2023-08-05,14323,Laptop,North
2023-08-05,18883,Mouse,East
2023-08-05,17220,Keyboard,North
2023-08-05,2557,Laptop,North
2023-08-05,18719,Mouse,East
2023-08-05,14531,Keyboard,North
2023-08-05,5340,Laptop,West
2023-08-05,10523,Monitor,North
2023-08-06,11706,Laptop,South
2023-08-06,8131,Laptop,East
2023-08-06,15204,Headset,North
2023-08-06,5461,Mouse,South
2023-08-07,16716,Mouse,East
2023-08-07,12336,Laptop,South
2023-08-07,8606,Mouse,North
2023-08-07,13980,Keyboard,South
2023-08-07,6509,Mouse,South
2023-08-07,16859,Headset,East
2023-08-07,8078,Monitor,West
2023-08-07,3432,Monitor,North
2023-08-08,9116,Headset,East
2023-08-08,7469,Laptop,West
2023-08-08,8128,Monitor,North
2023-08-08,6985,Keyboard,South
2023-08-09,3440,Keyboard,South
2023-08-09,13922,Monitor,East
2023-08-09,10321,Headset,West
2023-08-09,10497,Mouse,West
2023-08-09,18724,Mouse,North
2023-08-09,14768,Headset,West
2023-08-09,13573,Mouse,West
2023-08-09,2777,Monitor,East
2023-08-10,14049,Mouse,East
2023-08-10,14985,Headset,East
2023-08-10,7766,Monitor,South
2023-08-10,17870,Keyboard,South
2023-08-10,4538,Laptop,West
2023-08-10,1981,Monitor,North
2023-08-10,3817,Laptop,West
2023-08-11,9834,Keyboard,North
2023-08-11,10044,Mouse,West
2023-08-11,7171,Mouse,South
2023-08-11,3109,Monitor,East
2023-08-11,15799,Laptop,South
2023-08-11,19014,Monitor,West
2023-08-12,2090,Monitor,South
2023-08-12,11561,Laptop,South
2023-08-12,5889,Laptop,South
2023-08-12,13270,Keyboard,East
2023-08-12,19316,Headset,South
2023-08-12,5780,Monitor,West
2023-08-12,16084,Mouse,South
2023-08-12,5473,Keyboard,East
2023-08-13,8580,Monitor,South
2023-08-13,2551,Monitor,North
2023-08-13,9290,Laptop,South
2023-08-13,16610,Keyboard,East
2023-08-14,2098,Laptop,East
2023-08-14,15480,Headset,East
2023-08-14,2046,Mouse,South
2023-08-14,10734,Mouse,North
2023-08-14,16083,Mouse,South
2023-08-15,14607,Headset,East
2023-08-15,18004,Headset,West
2023-08-15,5797,Mouse,North
2023-08-15,16380,Mouse,West
2023-08-15,9201,Monitor,East
2023-08-15,13263,Headset,West
2023-08-15,4204,Mouse,West
2023-08-15,18120,Monitor,East
2023-08-16,11997,Mouse,West
2023-08-16,10526,Keyboard,North
2023-08-16,9165,Laptop,East
2023-08-16,16697,Headset,North
2023-08-16,7694,Mouse,West
2023-08-17,2805,Monitor,East
2023-08-17,12437,Monitor,West
2023-08-17,14324,Monitor,North
2023-08-18,7836,Keyboard,West
2023-08-18,3053,Monitor,North
2023-08-18,4723,Keyboard,East
2023-08-18,10620,Keyboard,South
2023-08-18,7806,Laptop,West
2023-08-19,8128,Laptop,North
2023-08-19,13739,Laptop,East
2023-08-19,9172,Monitor,South
2023-08-20,8911,Mouse,North
2023-08-20,7517,Headset,North
2023-08-20,2595,Keyboard,West
2023-08-20,10410,Headset,West
2023-08-20,11572,Mouse,North
2023-08-20,10202,Monitor,West
2023-08-20,15362,Headset,West
2023-08-21,9189,Monitor,East
2023-08-21,9417,Mouse,North
2023-08-22,1515,Monitor,North
2023-08-22,17690,Monitor,South
2023-08-22,6745,Monitor,South
2023-08-23,2085,Laptop,West
2023-08-23,1882,Monitor,East
2023-08-24,12355,Laptop,East
2023-08-24,3590,Monitor,South
2023-08-24,7404,Monitor,North
2023-08-24,12864,Headset,West
2023-08-25,5958,Keyboard,North
2023-08-25,3582,Headset,West
2023-08-25,1210,Monitor,North
2023-08-25,10322,Laptop,North
2023-08-26,2259,Keyboard,West
2023-08-26,18449,Keyboard,North
2023-08-27,14801,Monitor,South
2023-08-27,18331,Monitor,East
2023-08-27,4395,Mouse,East
2023-08-27,16011,Keyboard,West
2023-08-27,6551,Mouse,East
2023-08-27,2050,Laptop,East
2023-08-27,16309,Mouse,West
2023-08-27,19239,Keyboard,East
2023-08-28,11266,Keyboard,South
2023-08-28,2699,Mouse,West
2023-08-28,15792,Keyboard,North
2023-08-28,14597,Laptop,West
2023-08-28,4550,Monitor,West
2023-08-28,4225,Laptop,South
2023-08-28,16125,Keyboard,South
2023-08-29,11023,Mouse,West
2023-08-29,17090,Keyboard,East
2023-08-29,14168,Mouse,North
2023-08-29,1080,Mouse,East
2023-08-29,17169,Monitor,North
2023-08-29,19121,Keyboard,East
2023-08-29,18456,Mouse,North
2023-08-29,12752,Keyboard,North
2023-08-30,17875,Monitor,West
2023-08-30,18017,Monitor,East
2023-08-31,6356,Keyboard,North
2023-08-31,4162,Monitor,East
2023-09-01,7320,Laptop,West
2023-09-01,9195,Keyboard,West
2023-09-01,18775,Headset,South
2023-09-01,11186,Headset,East
2023-09-01,5071,Laptop,East
2023-09-02,6504,Mouse,East
2023-09-02,19343,Monitor,West
2023-09-02,11254,Mouse,East
2023-09-02,7465,Keyboard,East
2023-09-03,3702,Mouse,North
2023-09-03,5338,Keyboard,East
2023-09-03,12682,Monitor,East
2023-09-04,7481,Monitor,North
2023-09-04,16923,Keyboard,East
2023-09-04,7834,Monitor,North
2023-09-04,6751,Keyboard,South
2023-09-05,9051,Keyboard,West
2023-09-05,3500,Keyboard,North
2023-09-05,10266,Keyboard,East
2023-09-05,3245,Monitor,South
2023-09-06,19358,Monitor,East
2023-09-06,14163,Monitor,North
2023-09-06,2902,Headset,East
2023-09-06,8753,Headset,North
2023-09-06,10662,Keyboard,West
2023-09-06,10404,Mouse,South
2023-09-06,16697,Headset,West
2023-09-06,2631,Laptop,East
2023-09-07,5754,Keyboard,East
2023-09-07,11906,Headset,South
2023-09-07,2844,Keyboard,East
2023-09-07,11020,Laptop,East
2023-09-07,13318,Monitor,South
2023-09-07,15821,Keyboard,West
2023-09-07,11866,Keyboard,South
2023-09-07,8060,Laptop,West
2023-09-08,10751,Laptop,East
2023-09-08,8583,Headset,West
2023-09-09,8571,Laptop,South
2023-09-09,6986,Mouse,East
2023-09-10,15198,Headset,South
2023-09-10,2094,Laptop,North
2023-09-11,9082,Keyboard,East
2023-09-11,3064,Monitor,West
2023-09-11,8260,Laptop,South
2023-09-11,7038,Keyboard,South
2023-09-12,13846,Monitor,North
2023-09-12,11698,Headset,South
2023-09-12,15580,Laptop,West
2023-09-12,11276,Monitor,West
2023-09-12,11672,Mouse,North
2023-09-12,15889,Mouse,East
2023-09-13,13357,Monitor,East
2023-09-13,16800,Monitor,West
2023-09-13,1569,Laptop,West
2023-09-13,13923,Mouse,East
2023-09-13,1691,Monitor,North
2023-09-13,7233,Keyboard,West
2023-09-14,10475,Keyboard,North
2023-09-14,11533,Mouse,East
2023-09-14,13912,Mouse,North
2023-09-14,15467,Mouse,North
2023-09-14,16647,Headset,South
2023-09-14,7899,Keyboard,East
2023-09-15,19373,Mouse,South
2023-09-15,3417,Keyboard,South
2023-09-15,5497,Keyboard,East
2023-09-16,19778,Monitor,South
2023-09-16,18442,Monitor,West
2023-09-16,9349,Laptop,West
2023-09-16,15663,Mouse,North
2023-09-16,14705,Keyboard,East
2023-09-16,10313,Headset,North
2023-09-17,8200,Mouse,North
2023-09-17,2784,Headset,North
2023-09-17,17655,Keyboard,East
2023-09-17,13841,Keyboard,West
2023-09-17,3854,Mouse,East
2023-09-18,16013,Laptop,West
2023-09-18,14111,Headset,East
2023-09-18,3611,Headset,South
2023-09-18,1547,Headset,North
2023-09-18,19442,Laptop,North
2023-09-18,7784,Laptop,South
2023-09-18,18087,Laptop,North
2023-09-19,9619,Keyboard,South
2023-09-19,8288,Mouse,North
2023-09-19,6879,Mouse,West
2023-09-19,8831,Monitor,North
2023-09-19,16987,Monitor,East
2023-09-19,9261,Mouse,West
2023-09-19,12873,Monitor,North
2023-09-20,16194,Monitor,North
2023-09-20,19707,Monitor,North
2023-09-21,2523,Keyboard,West
2023-09-21,2352,Monitor,North
2023-09-22,13723,Mouse,East
2023-09-22,16532,Headset,South
2023-09-23,12970,Monitor,South
2023-09-23,17337,Mouse,East
2023-09-23,10180,Mouse,South
2023-09-23,14770,Mouse,East
2023-09-23,19822,Keyboard,South
2023-09-23,1655,Laptop,West
2023-09-24,12618,Mouse,East
2023-09-24,2375,Laptop,West
2023-09-25,15237,Mouse,North
2023-09-25,19469,Mouse,West
2023-09-25,7426,Mouse,East
2023-09-25,9783,Mouse,South
2023-09-25,19273,Monitor,North
2023-09-26,7566,Monitor,West
2023-09-26,11354,Headset,East
2023-09-27,3056,Laptop,West
2023-09-27,14593,Mouse,West
2023-09-27,4504,Monitor,West
2023-09-27,3370,Keyboard,South
2023-09-27,5859,Headset,East
2023-09-27,14119,Mouse,North
2023-09-28,2133,Monitor,West
2023-09-28,9904,Monitor,North
2023-09-28,3515,Laptop,North
2023-09-28,17836,Headset,West
2023-09-29,14893,Keyboard,West
2023-09-29,2392,Laptop,East
2023-09-29,5033,Mouse,West
2023-09-29,13152,Laptop,North
2023-09-29,17237,Headset,North
2023-09-29,15108,Keyboard,West
2023-09-29,18995,Monitor,South
2023-09-29,4184,Laptop,West
2023-09-30,13457,Mouse,East
2023-09-30,12713,Keyboard,South
2023-09-30,18986,Headset,North
2023-09-30,17056,Keyboard,West
2023-09-30,16632,Laptop,East
2023-09-30,1835,Mouse,South
2023-09-30,5063,Keyboard,West
2023-09-30,7957,Monitor,East
2023-10-01,3645,Mouse,North
2023-10-01,7108,Mouse,South
2023-10-01,4507,Headset,East
2023-10-01,11348,Laptop,East
2023-10-02,15418,Laptop,East
2023-10-02,15853,Laptop,West
2023-10-02,18512,Keyboard,East
2023-10-02,8229,Headset,North
2023-10-03,3093,Mouse,West
2023-10-03,19807,Headset,East
2023-10-03,12619,Headset,North
2023-10-03,1951,Headset,West
2023-10-03,19863,Laptop,North
2023-10-03,16983,Mouse,West
2023-10-03,13229,Headset,South
2023-10-03,11970,Mouse,West
2023-10-04,14242,Mouse,West
2023-10-04,10466,Mouse,East
2023-10-04,4540,Laptop,East
2023-10-04,9957,Headset,West
2023-10-04,9182,Laptop,West
2023-10-04,12083,Laptop,North
2023-10-04,16953,Headset,West
2023-10-04,15856,Monitor,West
2023-10-05,9400,Mouse,North
2023-10-05,7266,Monitor,West
2023-10-05,6251,Mouse,East
2023-10-05,2557,Keyboard,East
2023-10-05,2204,Keyboard,North
2023-10-06,6134,Laptop,West
2023-10-06,13723,Laptop,South
2023-10-06,9190,Laptop,East
2023-10-06,12627,Headset,East
2023-10-07,13506,Monitor,North
2023-10-07,1550,Mouse,East
2023-10-07,19078,Headset,West
2023-10-07,19707,Laptop,North
2023-10-07,9574,Headset,North
2023-10-07,17310,Keyboard,West
2023-10-07,9581,Monitor,South
2023-10-08,2015,Headset,North
2023-10-08,1053,Keyboard,East
2023-10-08,18531,Monitor,West
2023-10-08,5643,Headset,West
2023-10-09,11361,Monitor,West
2023-10-09,11295,Keyboard,South
2023-10-09,11518,Mouse,West
2023-10-09,5971,Monitor,South
2023-10-09,13211,Monitor,South
2023-10-09,4264,Monitor,East
2023-10-10,13288,Laptop,East
2023-10-10,17344,Laptop,East
2023-10-10,17135,Mouse,West
2023-10-10,14689,Mouse,North
2023-10-11,19578,Headset,South
2023-10-11,10161,Mouse,South
2023-10-11,15562,Monitor,North
2023-10-11,19889,Laptop,West
2023-10-11,8915,Keyboard,West
2023-10-12,2343,Monitor,North
2023-10-12,7729,Keyboard,West
2023-10-12,16762,Mouse,West
2023-10-13,8092,Keyboard,North
2023-10-13,3241,Keyboard,West
2023-10-13,10510,Headset,West
2023-10-13,19697,Keyboard,North
2023-10-13,15863,Mouse,South
2023-10-13,15993,Laptop,East
2023-10-13,8516,Laptop,West
2023-10-14,19545,Laptop,West
2023-10-14,18657,Headset,East
2023-10-14,2644,Monitor,North
2023-10-15,4187,Keyboard,West
2023-10-15,16167,Laptop,South
2023-10-15,11122,Headset,West
2023-10-15,18186,Mouse,South
2023-10-15,4605,Mouse,East
2023-10-15,16597,Laptop,North
2023-10-15,15352,Headset,East
2023-10-16,3168,Monitor,North
2023-10-16,9642,Monitor,West
2023-10-16,15550,Monitor,West
2023-10-16,16156,Laptop,South
2023-10-16,6953,Mouse,East
2023-10-16,6854,Keyboard,South
2023-10-16,16514,Laptop,North
2023-10-17,12543,Headset,South
2023-10-17,6081,Keyboard,South
2023-10-17,15246,Laptop,South
2023-10-17,15446,Keyboard,North
2023-10-17,8410,Keyboard,South
2023-10-18,13335,Monitor,South
2023-10-18,8372,Headset,North
2023-10-19,19415,Monitor,North
2023-10-19,7570,Headset,North
2023-10-19,8582,Monitor,North
2023-10-19,3693,Headset,East
2023-10-19,17169,Keyboard,South
2023-10-19,13507,Headset,North
2023-10-19,6257,Laptop,West
2023-10-20,11266,Monitor,East
2023-10-20,8758,Mouse,South
2023-10-20,5896,Monitor,East
2023-10-20,6371,Keyboard,North
2023-10-20,18692,Monitor,North
2023-10-20,16794,Laptop,North
2023-10-20,8534,Headset,East
2023-10-20,11853,Headset,East
2023-10-21,19086,Monitor,North
2023-10-21,14743,Laptop,South
2023-10-22,2824,Monitor,North
2023-10-22,3874,Mouse,East
2023-10-22,9722,Laptop,South
2023-10-22,14315,Keyboard,South
2023-10-22,5097,Laptop,East
2023-10-23,5713,Headset,South
2023-10-23,8380,Laptop,West
2023-10-23,16422,Headset,East
2023-10-23,9888,Headset,East
2023-10-23,7126,Laptop,West
2023-10-23,10915,Keyboard,East
2023-10-23,2505,Monitor,West
2023-10-24,12208,Monitor,South
2023-10-24,19954,Headset,North
2023-10-25,5681,Mouse,East
2023-10-25,5498,Laptop,South
2023-10-25,10493,Keyboard,West
2023-10-25,5633,Keyboard,West
2023-10-25,9092,Headset,South
2023-10-26,12590,Keyboard,South
2023-10-26,15949,Monitor,North
2023-10-27,10487,Laptop,West
2023-10-27,13060,Laptop,North
2023-10-27,11538,Laptop,South
2023-10-27,15338,Laptop,West
2023-10-28,12593,Mouse,North
2023-10-28,7683,Keyboard,West
2023-10-28,19672,Keyboard,East
2023-10-28,18470,Mouse,South
2023-10-28,17517,Headset,West
2023-10-28,10512,Laptop,North
2023-10-28,6376,Monitor,East
2023-10-28,1790,Monitor,East
2023-10-29,13109,Monitor,South
2023-10-29,19332,Headset,North
2023-10-29,17018,Mouse,West
2023-10-29,19716,Headset,North
2023-10-29,5589,Headset,South
2023-10-29,16133,Keyboard,North
2023-10-29,13850,Headset,South
2023-10-30,10353,Headset,East
2023-10-30,2922,Mouse,West
2023-10-30,10824,Keyboard,North
2023-10-30,17195,Mouse,South
2023-10-30,6608,Laptop,South
2023-10-31,2981,Headset,West
2023-10-31,7962,Monitor,North
2023-10-31,2662,Laptop,East
2023-11-01,18121,Headset,North
2023-11-01,1674,Mouse,South
2023-11-01,6561,Mouse,West
2023-11-02,14152,Mouse,South
2023-11-02,17024,Laptop,North
2023-11-03,3072,Mouse,South
2023-11-03,4767,Keyboard,South
2023-11-04,15190,Mouse,West
2023-11-04,3157,Keyboard,West
2023-11-04,14596,Mouse,East
2023-11-04,11737,Mouse,South
2023-11-05,10525,Mouse,South
2023-11-05,15564,Laptop,South
2023-11-05,16222,Headset,South
2023-11-06,18170,Headset,East
2023-11-06,18580,Headset,East
2023-11-06,13058,Headset,West
2023-11-07,7392,Monitor,West
2023-11-07,14774,Mouse,East
2023-11-07,12217,Mouse,North
2023-11-08,10909,Mouse,South
2023-11-08,8419,Headset,East
2023-11-08,7313,Keyboard,West
2023-11-08,5723,Mouse,East
2023-11-08,9428,Mouse,East
2023-11-08,18395,Laptop,South
2023-11-08,13587,Laptop,South
2023-11-09,10023,Keyboard,East
2023-11-09,2460,Monitor,East
2023-11-09,16042,Laptop,West
2023-11-09,7295,Headset,South
2023-11-09,5464,Laptop,West
2023-11-09,10421,Monitor,West
2023-11-09,17240,Keyboard,East
2023-11-10,14367,Laptop,West
2023-11-10,3081,Headset,East
2023-11-11,5356,Mouse,North
2023-11-11,6535,Laptop,West
2023-11-11,5922,Mouse,South
2023-11-11,12477,Mouse,East
2023-11-11,5587,Monitor,North
2023-11-12,17455,Monitor,North
2023-11-12,18253,Headset,East
2023-11-12,19604,Headset,South
2023-11-13,14944,Headset,East
2023-11-13,19282,Keyboard,East
2023-11-13,3235,Monitor,North
2023-11-13,15528,Mouse,North
2023-11-14,19594,Mouse,East
2023-11-14,12579,Headset,East
2023-11-14,9809,Mouse,South
2023-11-14,2964,Mouse,East
2023-11-15,6436,Headset,North
2023-11-15,8838,Monitor,North
2023-11-15,3613,Headset,North
2023-11-15,16421,Monitor,East
2023-11-16,12746,Monitor,West
2023-11-16,9687,Mouse,East
2023-11-16,5066,Headset,North
2023-11-16,7695,Laptop,North
2023-11-16,19034,Keyboard,East
2023-11-16,9855,Keyboard,West
2023-11-16,16414,Mouse,South
2023-11-16,13397,Laptop,South
2023-11-17,2969,Laptop,West
2023-11-17,18276,Laptop,West
2023-11-17,12078,Mouse,West
2023-11-17,4905,Mouse,West
2023-11-18,6280,Laptop,East
2023-11-18,2798,Keyboard,South
2023-11-18,8006,Mouse,North
2023-11-18,19126,Monitor,South
2023-11-18,10564,Monitor,North
2023-11-18,5780,Laptop,East
2023-11-18,14452,Keyboard,East
2023-11-19,8550,Monitor,East
2023-11-19,12730,Laptop,South
2023-11-19,9216,Monitor,North
2023-11-20,12887,Monitor,North
2023-11-20,7325,Laptop,South
2023-11-20,17887,Mouse,East
2023-11-20,14046,Laptop,North
2023-11-20,1411,Keyboard,South
2023-11-20,19994,Mouse,East
2023-11-21,11367,Headset,South
2023-11-21,12010,Keyboard,North
2023-11-21,16374,Keyboard,East
2023-11-21,16681,Mouse,West
2023-11-21,2953,Headset,West
2023-11-21,2173,Laptop,North
2023-11-21,11969,Headset,North
2023-11-21,16024,Mouse,West
2023-11-22,11882,Monitor,North
2023-11-22,9284,Laptop,South
2023-11-22,6453,Headset,North
2023-11-22,12059,Mouse,North
2023-11-22,3187,Laptop,South
2023-11-22,3831,Keyboard,East
2023-11-22,10614,Headset,East
2023-11-23,9233,Headset,South
2023-11-23,17102,Headset,South
2023-11-24,16086,Keyboard,East
2023-11-24,10560,Monitor,East
2023-11-24,2919,Mouse,North
2023-11-24,11848,Keyboard,West
2023-11-25,4001,Laptop,West
2023-11-25,16816,Monitor,West
2023-11-25,8412,Headset,South
2023-11-25,10176,Mouse,West
2023-11-25,6667,Keyboard,East
2023-11-25,17080,Headset,South
2023-11-25,1111,Laptop,South
2023-11-26,13690,Headset,West
2023-11-26,7857,Mouse,West
2023-11-26,11103,Keyboard,West
2023-11-26,17544,Keyboard,North
2023-11-26,16336,Keyboard,East
2023-11-26,12145,Monitor,East
2023-11-27,6747,Mouse,West
2023-11-27,1213,Keyboard,North
2023-11-27,10637,Laptop,North
2023-11-28,9484,Laptop,South
2023-11-28,13303,Keyboard,North
2023-11-28,16754,Headset,North
2023-11-28,11169,Laptop,West
2023-11-28,13910,Mouse,East
2023-11-28,12509,Monitor,East
2023-11-28,13135,Headset,North
2023-11-28,5484,Mouse,South
2023-11-29,3734,Headset,West
2023-11-29,12015,Mouse,North
2023-11-29,17758,Monitor,North
2023-11-29,8381,Monitor,East
2023-11-29,12066,Laptop,South
2023-11-29,16143,Monitor,North
2023-11-30,19159,Mouse,North
2023-11-30,4022,Mouse,South
2023-11-30,11461,Mouse,West
2023-12-01,17935,Monitor,South
2023-12-01,14066,Laptop,North
2023-12-01,8374,Laptop,North
2023-12-01,19427,Laptop,South
2023-12-01,17826,Keyboard,East
2023-12-01,17796,Mouse,West
2023-12-02,14691,Laptop,East
2023-12-02,17502,Headset,East
2023-12-02,9845,Keyboard,West
2023-12-03,17152,Headset,North
2023-12-03,7495,Headset,East
2023-12-03,15976,Laptop,North
2023-12-03,2430,Laptop,South
2023-12-03,1873,Laptop,West
2023-12-04,19021,Monitor,North
2023-12-04,13282,Mouse,East
2023-12-04,17902,Laptop,West
2023-12-04,8334,Laptop,North
2023-12-04,17629,Monitor,North
2023-12-05,2125,Mouse,South
2023-12-05,15958,Mouse,West
2023-12-05,12846,Keyboard,North
2023-12-05,5007,Laptop,East
2023-12-05,4653,Mouse,North
2023-12-05,17111,Keyboard,North
2023-12-05,16675,Laptop,North
2023-12-06,1027,Mouse,North
2023-12-06,5969,Mouse,North
2023-12-06,14847,Monitor,South
2023-12-06,7301,Monitor,West
2023-12-06,1819,Keyboard,North
2023-12-06,5633,Laptop,South
2023-12-07,6265,Laptop,West
2023-12-07,15197,Laptop,East
2023-12-07,3480,Monitor,West
2023-12-08,19944,Mouse,East
2023-12-08,5478,Mouse,West
2023-12-08,17331,Headset,West
2023-12-08,10858,Headset,West
2023-12-09,15600,Headset,West
2023-12-09,18036,Keyboard,South
2023-12-09,16158,Mouse,East
2023-12-09,19396,Keyboard,South
2023-12-09,15579,Headset,West
2023-12-10,13027,Laptop,North
2023-12-10,8158,Laptop,East
2023-12-10,15109,Headset,South
2023-12-11,13642,Laptop,East
2023-12-11,18655,Mouse,East
2023-12-11,17101,Keyboard,South
2023-12-11,18595,Laptop,East
2023-12-11,13040,Mouse,South
2023-12-11,7257,Laptop,West
2023-12-12,8500,Keyboard,North
2023-12-12,8662,Mouse,North
2023-12-13,15284,Mouse,North
2023-12-13,4767,Laptop,East
2023-12-13,4851,Headset,South
2023-12-13,8130,Headset,West
2023-12-13,10996,Laptop,East
2023-12-13,16157,Laptop,East
2023-12-13,7179,Laptop,North
2023-12-13,13074,Laptop,East
2023-12-14,9753,Monitor,East
2023-12-14,15968,Mouse,East
2023-12-14,7173,Headset,North
2023-12-14,15060,Mouse,West
2023-12-14,15289,Headset,South
2023-12-14,8870,Mouse,South
2023-12-15,1401,Headset,West
2023-12-15,3751,Laptop,North
2023-12-15,4960,Keyboard,West
2023-12-15,12459,Headset,South
2023-12-16,13571,Mouse,North
2023-12-16,18726,Laptop,West
2023-12-16,6643,Mouse,North
2023-12-16,4796,Laptop,East
2023-12-16,15677,Mouse,South
2023-12-17,1707,Keyboard,South
2023-12-17,14242,Laptop,West
2023-12-17,16477,Mouse,East
2023-12-17,12973,Keyboard,South
2023-12-18,19342,Laptop,South
2023-12-18,3706,Headset,North
2023-12-18,10788,Monitor,South
2023-12-18,5370,Monitor,South
2023-12-18,7272,Monitor,North
2023-12-18,18355,Headset,West
2023-12-19,15711,Keyboard,West
2023-12-19,19903,Monitor,North
2023-12-19,5078,Headset,East
2023-12-19,6273,Laptop,North
2023-12-19,7384,Headset,West
2023-12-19,4978,Mouse,East
2023-12-20,1720,Monitor,South
2023-12-20,5779,Laptop,South
2023-12-20,17748,Headset,South
2023-12-20,8436,Keyboard,North
2023-12-20,2784,Keyboard,East
2023-12-20,14187,Laptop,East
2023-12-21,6830,Monitor,North
2023-12-21,12811,Monitor,North
2023-12-22,10111,Keyboard,East
2023-12-22,9244,Keyboard,West
2023-12-22,14044,Headset,South
2023-12-22,14768,Headset,North
2023-12-22,1926,Monitor,East
2023-12-22,9431,Laptop,South
2023-12-23,1569,Keyboard,South
2023-12-23,8101,Mouse,North
2023-12-23,4338,Headset,East
2023-12-24,4778,Laptop,East
2023-12-24,17285,Mouse,North
2023-12-25,1155,Headset,North
2023-12-25,7899,Keyboard,North
2023-12-25,3860,Mouse,East
2023-12-25,15092,Monitor,South
2023-12-25,2612,Headset,East
2023-12-25,16978,Laptop,West
2023-12-26,10652,Laptop,East
2023-12-26,18948,Keyboard,West
2023-12-27,19663,Headset,North
2023-12-27,1314,Monitor,South
2023-12-27,4216,Mouse,West
2023-12-27,3304,Headset,West
2023-12-28,11164,Mouse,East
2023-12-28,7220,Laptop,North
2023-12-28,5280,Keyboard,North
2023-12-28,4511,Monitor,East
2023-12-28,3468,Headset,South
2023-12-28,6039,Headset,South
2023-12-29,7082,Monitor,East
2023-12-29,16686,Keyboard,West
2023-12-29,10751,Headset,South
2023-12-29,17955,Headset,South
2023-12-30,14161,Keyboard,West
2023-12-30,17545,Laptop,West
2023-12-31,4276,Headset,East
2023-12-31,14197,Keyboard,South
2023-12-31,9423,Headset,East
